Unnamed: 0,Features,Unnamed: 2,ContextWindow,IntelligenceScore,Output tokens/s,Latency,End-to-End Response Time,Unnamed: 8,Model,Creator,License,ContextWindow,Artificial AnalysisIntelligence Index,MMLU-Pro (Reasoning & Knowledge),GPQA Diamond (Scientific Reasoning),Humanity's Last Exam (Reasoning & Knowledge),LiveCodeBench (Coding),SciCode (Coding),HumanEval (Coding),MATH-500 (Quantitative Reasoning),AIME 2024 (Competition Math),Chatbot Arena,BlendedUSD/1M Tokens,Input PriceUSD/1M Tokens,Output PriceUSD/1M Tokens,MedianTokens/s,P5Tokens/s,P25Tokens/s,P75Tokens/s,P95Tokens/s,ModelName,IsStartup
o3-pro,,Proprietary,200k,71.0,,85%,,,,OpenAI,,,,$35.00,$20.00,$80.00,22.8,11.7,16.8,26.9,36.5,117.99,117.99,76.88,102.96,156.02,211.83,139.91,0.0,ModelProviders,o3-pro,False
Gemini 2.5 Pro,,Proprietary,1m,70.0,86%,84%,21%,80%,43%,Google DeepMind,97%,89%,,$3.44,$1.25,$10.00,143.9,139.2,140.6,145.4,153.4,36.07,36.07,28.15,32.66,41.4,45.27,39.55,0.0,ModelProviders,Gemini 2.5 Pro,False
o3,,Proprietary,128k,70.0,85%,83%,20%,78%,41%,OpenAI,99%,90%,,$3.50,$2.00,$8.00,116.9,70.8,92.0,131.5,151.8,22.23,22.23,15.24,19.52,25.52,32.87,26.51,0.0,ModelProviders,o3,False
o4-mini (high),,Proprietary,200k,70.0,83%,78%,18%,80%,47%,OpenAI,99%,94%,,$1.93,$1.10,$4.40,145.8,122.3,131.7,158.2,200.9,31.47,31.47,17.29,26.95,43.09,59.86,34.9,0.0,ModelProviders,o4-mini (high),False
Gemini 2.5 Pro (Mar '25),,Proprietary,1m,69.0,86%,84%,17%,78%,40%,Google DeepMind,98%,87%,,$3.44,$1.25,$10.00,155.0,144.2,153.4,157.8,166.9,38.2,38.2,28.36,32.77,45.27,56.96,41.43,0.0,ModelProviders,Gemini 2.5 Pro (Mar '25),False
DeepSeek R1 0528 (May '25),,Open,128k,68.0,85%,81%,15%,77%,40%,DeepSeek,98%,89%,,$0.96,$0.55,$2.19,28.6,24.1,24.9,29.6,32.3,2.46,72.39,2.02,2.21,3.86,4.32,89.87,69.93,ModelProviders,DeepSeek R1 0528 (May '25),True
Gemini 2.5 Pro (May' 25),,Proprietary,1m,68.0,84%,82%,15%,77%,42%,Google DeepMind,99%,84%,,$3.44,$1.25,$10.00,155.7,143.0,150.3,157.6,166.1,36.49,36.49,19.93,30.62,39.01,57.69,39.71,0.0,ModelProviders,Gemini 2.5 Pro (May' 25),False
Grok 3 mini Reasoning (high),,Proprietary,1m,67.0,83%,79%,11%,70%,41%,xAI,99%,93%,,$0.35,$0.30,$0.50,209.2,169.0,204.4,212.2,216.5,0.37,9.93,0.25,0.28,0.45,0.56,12.33,9.56,ModelProviders,Grok 3 mini Reasoning (high),True
o3-mini (high),,Proprietary,200k,66.0,80%,77%,12%,73%,40%,OpenAI,99%,86%,,$1.93,$1.10,$4.40,155.0,97.0,126.8,178.9,211.8,49.22,49.22,32.76,42.44,68.81,77.4,52.45,0.0,ModelProviders,o3-mini (high),False
Gemini 2.5 Flash (Reasoning),,Proprietary,1m,65.0,83%,79%,11%,70%,39%,Google DeepMind,98%,82%,,$0.99,$0.15,$3.50,353.9,327.8,343.9,369.9,386.6,13.14,13.14,6.63,8.24,14.29,17.6,14.55,0.0,ModelProviders,Gemini 2.5 Flash (Reasoning),False
Claude 4 Opus Thinking,,Proprietary,200k,64.0,87%,80%,12%,64%,40%,Anthropic,98%,76%,,$30.00,$15.00,$75.00,60.2,48.3,54.3,64.4,68.2,3.2,36.43,1.84,2.67,4.51,7.63,44.74,33.24,ModelProviders,Claude 4 Opus Thinking,True
MiniMax M1 80k,,Open,1m,63.0,82%,70%,8%,71%,37%,MiniMax,98%,85%,,$0.82,$0.40,$2.10,49.1,34.5,46.6,53.5,60.1,2.86,43.6,0.96,1.57,82.49,139.16,53.79,40.74,ModelProviders,MiniMax M1 80k,True
o3-mini,,Proprietary,200k,63.0,79%,75%,9%,72%,40%,OpenAI,97%,77%,,$1.93,$1.10,$4.40,144.4,89.6,110.0,194.9,208.2,13.09,13.09,9.95,11.83,18.76,25.86,16.55,0.0,ModelProviders,o3-mini,False
Qwen3 235B (Reasoning),,Open,128k,62.0,83%,70%,12%,62%,40%,Alibaba,93%,84%,,$2.63,$0.70,$8.40,70.9,64.9,69.6,72.3,74.6,1.13,29.34,1.08,1.11,1.24,1.45,36.39,28.21,ModelProviders,Qwen3 235B (Reasoning),False
o1,,Proprietary,200k,62.0,84%,75%,8%,68%,36%,OpenAI,97%,72%,,$26.25,$15.00,$60.00,175.3,78.5,115.2,219.6,256.2,18.97,18.97,10.29,12.93,23.93,33.51,21.82,0.0,ModelProviders,o1,False
MiniMax M1 40k,,Open,1m,61.0,81%,68%,8%,66%,38%,MiniMax,97%,81%,,$0.82,$0.40,$2.10,37.1,13.8,24.5,42.9,52.3,1.09,55.05,0.69,0.9,1.48,1.75,68.53,53.95,ModelProviders,MiniMax M1 40k,True
Llama Nemotron Ultra Reasoning,,Open,128k,61.0,83%,73%,8%,64%,35%,Meta/NVIDIA,95%,75%,,$0.90,$0.60,$1.80,42.5,38.5,40.7,42.8,43.0,0.66,47.76,0.59,0.64,0.7,0.9,59.53,47.1,ModelProviders,Llama Nemotron Ultra Reasoning,False
Claude 4 Sonnet Thinking,,Proprietary,200k,61.0,85%,72%,9%,58%,40%,Anthropic,98%,70%,,$6.00,$3.00,$15.00,51.9,38.0,48.9,54.7,56.5,1.38,39.9,1.15,1.23,1.55,3.53,49.53,38.52,ModelProviders,Claude 4 Sonnet Thinking,True
Gemini 2.5 Flash (April '25) (Reasoning),,Proprietary,1m,60.0,80%,70%,12%,51%,36%,Google DeepMind,98%,84%,,$0.99,$0.15,$3.50,385.2,289.8,351.4,396.2,429.9,7.1,7.1,1.8,6.36,7.81,8.96,8.4,0.0,ModelProviders,Gemini 2.5 Flash (April '25) (Reasoning),False
DeepSeek R1 (Jan '25),,Open,128k,60.0,84%,71%,9%,62%,36%,DeepSeek,97%,68%,,$2.36,$1.35,$4.00,,,,,,,,,,,,,,ModelProviders,DeepSeek R1 (Jan '25),True
o1-preview,,Proprietary,128k,60.0,,,,,,OpenAI,92%,,1334.0,$26.25,$15.00,$60.00,165.2,110.5,133.7,173.7,177.6,20.24,20.24,14.26,15.76,21.95,31.55,23.27,0.0,ModelProviders,o1-preview,False
Qwen3 32B (Reasoning),,Open,128k,59.0,80%,67%,8%,55%,35%,Alibaba,96%,81%,,$2.63,$0.70,$8.40,60.7,56.7,59.8,61.2,62.2,1.18,34.14,1.0,1.08,1.28,1.47,42.38,32.96,ModelProviders,Qwen3 32B (Reasoning),False
QwQ-32B,,Open,131k,58.0,76%,59%,8%,63%,36%,Alibaba,96%,78%,,$0.47,$0.40,$0.68,99.2,37.6,55.3,392.7,430.3,0.43,25.54,0.21,0.35,0.59,1.1,30.58,25.11,ModelProviders,QwQ-32B,False
Claude 4 Opus,,Proprietary,200k,58.0,86%,70%,6%,54%,41%,Anthropic,94%,56%,,$30.00,$15.00,$75.00,61.1,43.3,54.3,62.9,67.2,2.33,2.33,1.91,2.17,3.45,6.47,10.52,0.0,ModelProviders,Claude 4 Opus,True
Claude 3.7 Sonnet Thinking,,Proprietary,200k,57.0,84%,77%,10%,47%,40%,Anthropic,95%,49%,,$6.00,$3.00,$15.00,87.5,76.4,84.2,89.4,91.2,1.32,13.94,0.72,1.11,2.03,2.77,19.66,12.62,ModelProviders,Claude 3.7 Sonnet Thinking,True
o1-pro,,Proprietary,200k,56.0,,,,,,OpenAI,,,,$262.50,$150.00,$600.00,,,,,,,,,,,,,,ModelProviders,o1-pro,False
Grok 3 Reasoning Beta,,Proprietary,1m,56.0,,,,,,xAI,,,,$0.00,$0.00,$0.00,,,,,,,,,,,,,,ModelProviders,Grok 3 Reasoning Beta,True
Magistral Medium,,Proprietary,128k,56.0,75%,68%,10%,53%,30%,Mistral,92%,70%,,$2.75,$2.00,$5.00,109.8,74.8,96.7,135.2,154.9,0.41,18.63,0.36,0.4,0.44,0.53,23.18,18.22,ModelProviders,Magistral Medium,True
Qwen3 14B (Reasoning),,Open,128k,56.0,77%,60%,4%,52%,32%,Alibaba,96%,76%,,$1.31,$0.35,$4.20,65.6,65.1,65.5,65.8,66.1,1.07,31.55,0.99,1.01,1.15,1.25,39.17,30.48,ModelProviders,Qwen3 14B (Reasoning),False
Qwen3 30B A3B (Reasoning),,Open,128k,56.0,78%,62%,7%,51%,28%,Alibaba,96%,75%,,$0.75,$0.20,$2.40,91.7,88.4,88.9,92.6,94.6,1.05,22.85,0.98,1.0,1.23,1.47,28.3,21.8,ModelProviders,Qwen3 30B A3B (Reasoning),False
Gemini 2.5 Flash-Lite (Reasoning),,Proprietary,1m,55.0,76%,63%,6%,59%,19%,Google DeepMind,97%,70%,,$0.17,$0.10,$0.40,603.8,460.6,522.5,715.4,805.8,5.97,5.97,3.79,5.28,7.78,11.49,6.8,0.0,ModelProviders,Gemini 2.5 Flash-Lite (Reasoning),False
Magistral Small,,Open,128k,55.0,75%,64%,7%,51%,24%,Mistral,96%,71%,,$0.15,$0.10,$0.30,,,,,,,,,,,,,,ModelProviders,Magistral Small,True
o1-mini,,Proprietary,128k,54.0,74%,60%,5%,58%,32%,OpenAI,94%,60%,1308.0,$1.93,$1.10,$4.40,231.9,174.3,206.0,260.4,270.3,9.49,9.49,3.01,6.42,11.64,13.69,11.65,0.0,ModelProviders,o1-mini,False
Gemini 2.5 Flash,,Proprietary,1m,53.0,81%,68%,5%,50%,29%,Google DeepMind,93%,50%,,$0.26,$0.15,$0.60,282.2,263.7,273.3,292.2,319.6,0.37,0.37,0.29,0.33,0.44,0.66,2.15,0.0,ModelProviders,Gemini 2.5 Flash,False
DeepSeek V3 0324 (Mar '25),,Open,128k,53.0,82%,66%,5%,41%,36%,DeepSeek,94%,52%,,$0.48,$0.27,$1.10,27.5,25.1,25.7,30.6,34.7,2.4,2.4,2.09,2.32,2.7,3.96,20.55,0.0,ModelProviders,DeepSeek V3 0324 (Mar '25),True
Claude 4 Sonnet,,Proprietary,200k,53.0,84%,68%,4%,45%,37%,Anthropic,93%,41%,,$6.00,$3.00,$15.00,48.1,44.3,46.4,49.1,52.3,1.52,1.52,1.18,1.38,1.92,2.45,11.91,0.0,ModelProviders,Claude 4 Sonnet,True
GPT-4.5 (Preview),,Proprietary,128k,53.0,,71%,,,,Unknown,,,,$93.75,$75.00,$150.00,77.0,60.1,73.4,83.4,101.3,0.94,0.94,0.81,0.9,1.04,1.43,7.43,0.0,ModelProviders,GPT-4.5 (Preview),False
GPT-4.1 mini,,Proprietary,1m,53.0,78%,66%,5%,48%,40%,Unknown,93%,43%,,$0.70,$0.40,$1.60,66.5,46.5,62.7,76.4,92.3,0.5,0.5,0.29,0.39,0.53,0.85,8.02,0.0,ModelProviders,GPT-4.1 mini,False
GPT-4.1,,Proprietary,1m,53.0,81%,67%,5%,46%,38%,Unknown,91%,44%,,$3.50,$2.00,$8.00,94.0,61.5,80.8,135.5,170.9,0.53,0.53,0.34,0.46,0.66,1.07,5.84,0.0,ModelProviders,GPT-4.1,False
Gemini 2.0 Flash Thinking exp. (Jan '25),,Proprietary,1m,52.0,80%,70%,7%,32%,33%,Google DeepMind,94%,50%,,$0.00,$0.00,$0.00,,,,,,,,,,,,,,ModelProviders,Gemini 2.0 Flash Thinking exp. (Jan '25),False
DeepSeek R1 0528 Qwen3 8B,,Open,128k,52.0,74%,61%,6%,51%,20%,DeepSeek,93%,65%,,$0.07,$0.06,$0.10,77.8,53.4,68.8,96.1,131.6,0.62,26.31,0.27,0.36,0.83,1.15,32.73,25.69,ModelProviders,DeepSeek R1 0528 Qwen3 8B,True
DeepSeek R1 Distill Qwen 32B,,Open,128k,52.0,74%,62%,6%,27%,38%,DeepSeek,94%,69%,,$0.30,$0.30,$0.30,46.6,16.4,21.1,50.5,50.9,0.54,43.45,0.18,0.23,1.42,1.64,54.18,42.91,ModelProviders,DeepSeek R1 Distill Qwen 32B,True
Qwen3 8B (Reasoning),,Open,128k,51.0,74%,59%,4%,41%,23%,Alibaba,90%,75%,,$0.66,$0.18,$2.10,98.7,97.9,98.4,99.3,99.9,0.99,21.25,0.91,0.95,1.11,1.25,26.31,20.26,ModelProviders,Qwen3 8B (Reasoning),False
Llama 3.3 Nemotron Super 49B Reasoning,,Open,128k,51.0,79%,64%,7%,28%,28%,Meta/NVIDIA,96%,58%,,$0.00,$0.00,$0.00,,,,,,,,,,,,,,ModelProviders,Llama 3.3 Nemotron Super 49B Reasoning,False
Grok 3,,Proprietary,1m,51.0,80%,69%,5%,43%,37%,xAI,87%,33%,,$6.00,$3.00,$15.00,92.9,59.0,76.4,96.5,104.4,0.48,0.48,0.37,0.4,0.51,0.62,5.86,0.0,ModelProviders,Grok 3,True
Llama 4 Maverick,,Open,1m,51.0,81%,67%,5%,40%,33%,Meta/NVIDIA,89%,39%,,$0.39,$0.22,$0.85,164.2,67.2,120.9,282.2,806.3,0.33,0.33,0.12,0.23,0.44,0.82,3.38,0.0,ModelProviders,Llama 4 Maverick,False
GPT-4o (March 2025),,Proprietary,128k,50.0,80%,66%,5%,43%,37%,Unknown,89%,33%,,$7.50,$5.00,$15.00,183.3,79.7,166.6,209.7,227.7,0.52,0.52,0.3,0.41,0.78,1.33,3.25,0.0,ModelProviders,GPT-4o (March 2025),False
Gemini 2.0 Pro Experimental,,Proprietary,2m,49.0,81%,62%,7%,35%,31%,Google DeepMind,92%,36%,,$0.00,$0.00,$0.00,51.6,34.7,48.8,54.7,60.5,16.87,16.87,16.13,16.74,17.49,18.61,26.56,0.0,ModelProviders,Gemini 2.0 Pro Experimental,False
DeepSeek R1 Distill Qwen 14B,,Open,128k,49.0,74%,48%,4%,38%,24%,DeepSeek,95%,67%,,$0.20,$0.20,$0.20,83.3,45.1,46.0,166.6,172.1,0.64,24.66,0.26,0.4,0.98,1.25,30.67,24.02,ModelProviders,DeepSeek R1 Distill Qwen 14B,True
Mistral Medium 3,,Proprietary,128k,49.0,76%,58%,4%,40%,33%,Unknown,91%,44%,,$0.80,$0.40,$2.00,72.8,25.1,60.5,83.0,90.8,0.38,0.38,0.35,0.36,0.41,0.6,7.25,0.0,ModelProviders,Mistral Medium 3,False
Sonar Reasoning,,Proprietary,127k,49.0,,62%,,,,Unknown,92%,77%,,$2.00,$1.00,$5.00,87.4,70.4,86.0,88.2,89.0,0.66,23.55,0.54,0.58,1.26,1.6,29.27,22.89,ModelProviders,Sonar Reasoning,False
Gemini 2.5 Flash,,Proprietary,1m,49.0,78%,59%,5%,41%,23%,Google DeepMind,93%,43%,,$0.26,$0.15,$0.60,301.4,273.4,295.8,312.2,325.3,0.34,0.34,0.28,0.3,0.43,0.53,2.0,0.0,ModelProviders,Gemini 2.5 Flash,False
DeepSeek R1 Distill Llama 70B,,Open,128k,48.0,80%,40%,6%,27%,31%,DeepSeek,94%,67%,,$0.80,$0.70,$0.80,65.1,28.9,35.7,345.5,"2,583.6",0.46,31.2,0.16,0.26,0.73,1.96,38.88,30.73,ModelProviders,DeepSeek R1 Distill Llama 70B,True
Claude 3.7 Sonnet,,Proprietary,200k,48.0,80%,66%,5%,39%,38%,Anthropic,85%,22%,,$6.00,$3.00,$15.00,79.0,65.7,77.4,80.7,82.9,1.21,1.21,0.78,0.96,1.68,2.76,7.55,0.0,ModelProviders,Claude 3.7 Sonnet,True
Gemini 2.0 Flash,,Proprietary,1m,48.0,78%,62%,5%,33%,31%,Google DeepMind,93%,33%,,$0.17,$0.10,$0.40,229.3,198.6,210.2,238.0,247.8,0.42,0.42,0.31,0.39,0.43,0.49,2.6,0.0,ModelProviders,Gemini 2.0 Flash,False
Qwen3 4B (Reasoning),,Open,32k,47.0,70%,52%,5%,47%,4%,Alibaba,93%,66%,,$0.40,$0.11,$1.26,104.6,103.0,104.3,105.0,105.7,1.03,20.14,0.92,0.96,1.16,1.31,24.92,19.11,ModelProviders,Qwen3 4B (Reasoning),False
Reka Flash 3,,Open,128k,47.0,67%,53%,5%,44%,27%,Unknown,89%,51%,,$0.35,$0.20,$0.80,,,,,,,,,,,,,,ModelProviders,Reka Flash 3,False
Qwen3 235B,,Open,128k,47.0,76%,61%,5%,34%,30%,Alibaba,90%,33%,,$1.23,$0.70,$2.80,71.5,65.0,69.9,72.3,74.1,1.15,1.15,1.05,1.08,1.28,1.38,8.14,0.0,ModelProviders,Qwen3 235B,False
Gemini 2.0 Flash (exp),,Proprietary,1m,46.0,78%,64%,5%,21%,34%,Google DeepMind,91%,30%,,$0.00,$0.00,$0.00,221.2,201.5,212.9,230.7,240.4,0.28,0.28,0.23,0.25,0.29,0.37,2.54,0.0,ModelProviders,Gemini 2.0 Flash (exp),False
Gemini 2.5 Flash-Lite,,Proprietary,1m,46.0,72%,47%,4%,40%,18%,Google DeepMind,93%,50%,,$0.17,$0.10,$0.40,472.9,321.4,435.0,509.5,558.1,0.21,0.21,0.17,0.2,0.23,0.28,1.27,0.0,ModelProviders,Gemini 2.5 Flash-Lite,False
DeepSeek V3 (Dec '24),,Open,128k,46.0,75%,56%,4%,36%,35%,DeepSeek,89%,25%,,$0.48,$0.27,$1.10,,,,,,,,,,,,,,ModelProviders,DeepSeek V3 (Dec '24),True
Qwen2.5 Max,,Proprietary,32k,45.0,76%,59%,5%,36%,34%,Alibaba,84%,23%,,$2.80,$1.60,$6.40,32.5,27.3,29.4,34.1,41.1,1.35,1.35,1.21,1.27,1.48,1.69,16.73,0.0,ModelProviders,Qwen2.5 Max,False
Llama 3.1 Nemotron Nano 4B v1.1 (Reasoning),,Open,128k,45.0,56%,41%,5%,49%,10%,Meta/NVIDIA,95%,71%,,$0.00,$0.00,$0.00,,,,,,,,,,,,,,ModelProviders,Llama 3.1 Nemotron Nano 4B v1.1 (Reasoning),False
Gemini 1.5 Pro (Sep),,Proprietary,2m,45.0,75%,59%,5%,32%,30%,Google DeepMind,88%,23%,1301.0,$2.19,$1.25,$5.00,91.3,84.7,88.8,97.1,99.8,0.46,0.46,0.41,0.43,0.54,0.64,5.94,0.0,ModelProviders,Gemini 1.5 Pro (Sep),False
Claude 3.5 Sonnet (Oct),,Proprietary,200k,44.0,77%,60%,4%,38%,37%,Anthropic,77%,16%,1282.0,$6.00,$3.00,$15.00,78.5,66.0,74.8,80.0,83.3,1.9,1.9,1.02,1.37,2.53,3.24,8.26,0.0,ModelProviders,Claude 3.5 Sonnet (Oct),True
Qwen3 32B,,Open,128k,44.0,73%,54%,4%,29%,28%,Alibaba,87%,30%,,$1.23,$0.70,$2.80,60.4,57.3,59.3,61.8,62.9,1.14,1.14,0.95,1.02,1.23,1.36,9.42,0.0,ModelProviders,Qwen3 32B,False
Sonar,,Proprietary,127k,43.0,69%,47%,7%,30%,23%,Unknown,82%,49%,,$1.00,$1.00,$1.00,98.6,50.9,72.9,139.6,163.7,0.92,0.92,0.64,0.72,1.41,2.0,5.99,0.0,ModelProviders,Sonar,False
Llama 4 Scout,,Open,10m,43.0,75%,59%,4%,30%,17%,Meta/NVIDIA,84%,28%,,$0.26,$0.15,$0.50,129.9,41.8,111.9,165.0,"2,492.4",0.36,0.36,0.18,0.28,0.53,0.92,4.21,0.0,ModelProviders,Llama 4 Scout,False
Sonar Pro,,Proprietary,200k,43.0,76%,58%,8%,28%,23%,Unknown,75%,29%,,$6.00,$3.00,$15.00,158.4,59.1,104.0,171.9,202.6,0.88,0.88,0.67,0.75,1.12,2.2,4.04,0.0,ModelProviders,Sonar Pro,False
QwQ 32B-Preview,,Open,33k,43.0,65%,56%,5%,34%,4%,Alibaba,91%,45%,,$0.67,$0.66,$0.69,56.6,38.8,50.3,89.2,99.4,0.54,35.85,0.18,0.24,0.71,1.0,44.68,35.31,ModelProviders,QwQ 32B-Preview,False
Nova Premier,,Proprietary,1m,43.0,73%,57%,5%,32%,28%,Unknown,84%,17%,,$5.00,$2.50,$12.50,79.9,70.3,77.1,83.3,89.6,0.8,0.8,0.74,0.77,0.88,0.95,7.06,0.0,ModelProviders,Nova Premier,False
Qwen3 30B A3B,,Open,128k,43.0,71%,52%,5%,32%,26%,Alibaba,86%,26%,,$0.35,$0.20,$0.80,92.7,89.3,92.4,93.2,93.7,1.06,1.06,0.95,1.01,1.19,1.28,6.46,0.0,ModelProviders,Qwen3 30B A3B,False
GPT-4o (Nov '24),,Proprietary,128k,41.0,75%,54%,3%,31%,33%,Unknown,76%,15%,1361.0,$4.38,$2.50,$10.00,157.8,124.0,132.6,179.0,208.1,0.43,0.43,0.28,0.38,0.52,0.79,3.59,0.0,ModelProviders,GPT-4o (Nov '24),False
Gemini 2.0 Flash-Lite (Feb '25),,Proprietary,1m,41.0,72%,54%,4%,19%,25%,Google DeepMind,87%,28%,,$0.13,$0.07,$0.30,222.3,203.3,216.9,227.0,247.0,0.31,0.31,0.26,0.29,0.37,0.47,2.56,0.0,ModelProviders,Gemini 2.0 Flash-Lite (Feb '25),False
Llama 3.3 70B,,Open,128k,41.0,71%,50%,4%,29%,26%,Meta/NVIDIA,77%,30%,,$0.59,$0.58,$0.70,116.3,23.3,52.4,195.3,"1,278.9",0.44,0.44,0.2,0.3,0.58,1.37,4.74,0.0,ModelProviders,Llama 3.3 70B,False
GPT-4.1 nano,,Proprietary,1m,41.0,66%,51%,4%,33%,26%,Unknown,85%,24%,,$0.17,$0.10,$0.40,230.6,134.4,187.4,241.8,284.4,0.32,0.32,0.25,0.28,0.39,0.66,2.49,0.0,ModelProviders,GPT-4.1 nano,False
Qwen3 14B,,Open,128k,41.0,68%,47%,4%,28%,27%,Alibaba,87%,28%,,$0.61,$0.35,$1.40,66.4,65.7,66.1,66.7,67.3,1.12,1.12,1.0,1.04,1.17,1.49,8.66,0.0,ModelProviders,Qwen3 14B,False
GPT-4o (May '24),,Proprietary,128k,41.0,74%,53%,3%,33%,31%,Unknown,79%,11%,1285.0,$7.50,$5.00,$15.00,85.5,53.8,66.2,111.2,133.6,0.52,0.52,0.39,0.46,0.63,0.94,6.36,0.0,ModelProviders,GPT-4o (May '24),False
Gemini 2.0 Flash-Lite (Preview),,Proprietary,1m,41.0,,54%,4%,18%,25%,Google DeepMind,87%,30%,,$0.13,$0.07,$0.30,225.0,204.9,220.7,233.1,245.0,0.32,0.32,0.24,0.3,0.36,0.4,2.54,0.0,ModelProviders,Gemini 2.0 Flash-Lite (Preview),False
GPT-4o (Aug '24),,Proprietary,128k,41.0,,52%,3%,32%,,Unknown,80%,12%,1337.0,$4.38,$2.50,$10.00,84.3,48.4,68.4,113.7,143.9,0.56,0.56,0.42,0.49,0.84,1.17,6.49,0.0,ModelProviders,GPT-4o (Aug '24),False
Llama 3.1 405B,,Open,128k,40.0,73%,52%,4%,31%,30%,Meta/NVIDIA,70%,21%,1266.0,$3.50,$3.50,$3.50,33.2,19.2,30.0,91.8,176.1,0.65,0.65,0.34,0.45,0.93,1.84,15.69,0.0,ModelProviders,Llama 3.1 405B,False
Qwen2.5 72B,,Open,131k,40.0,72%,49%,4%,28%,27%,Alibaba,86%,16%,1259.0,$0.00,$0.00,$0.00,58.3,57.8,58.0,58.6,58.8,1.19,1.19,1.09,1.11,1.38,1.55,9.77,0.0,ModelProviders,Qwen2.5 72B,False
MiniMax-Text-01,,Open,4m,40.0,76%,58%,4%,25%,25%,MiniMax,75%,13%,,$0.42,$0.20,$1.10,33.9,24.2,27.9,36.9,44.9,0.92,0.92,0.64,0.72,1.18,1.65,15.66,0.0,ModelProviders,MiniMax-Text-01,True
Phi-4,,Open,16k,40.0,71%,57%,4%,23%,26%,Unknown,81%,14%,,$0.22,$0.13,$0.50,33.3,12.4,24.9,40.7,44.3,0.46,0.46,0.38,0.43,0.49,2.09,15.47,0.0,ModelProviders,Phi-4,False
Claude 3.5 Sonnet (June),,Proprietary,200k,40.0,75%,56%,4%,,32%,Anthropic,70%,10%,1268.0,$6.00,$3.00,$15.00,80.2,65.9,77.6,82.4,84.6,1.21,1.21,0.59,0.97,2.4,3.89,7.44,0.0,ModelProviders,Claude 3.5 Sonnet (June),True
Command A,,Open,256k,40.0,71%,53%,5%,29%,28%,Cohere,82%,10%,,$4.38,$2.50,$10.00,177.0,120.4,156.3,200.7,217.5,0.66,0.66,0.23,0.58,0.71,0.77,3.48,0.0,ModelProviders,Command A,True
Tulu3 405B,,Open,128k,40.0,72%,52%,4%,29%,30%,Unknown,78%,13%,,$0.00,$0.00,$0.00,,,,,,,,,,,,,,ModelProviders,Tulu3 405B,False
GPT-4o (ChatGPT),,Proprietary,128k,40.0,77%,51%,4%,,33%,Unknown,80%,10%,,$7.50,$5.00,$15.00,,,,,,,,,,,,,,ModelProviders,GPT-4o (ChatGPT),False
Llama 3.3 Nemotron Super 49B v1,,Open,128k,39.0,70%,52%,4%,28%,23%,Meta/NVIDIA,78%,19%,,$0.00,$0.00,$0.00,,,,,,,,,,,,,,ModelProviders,Llama 3.3 Nemotron Super 49B v1,False
Grok 2,,Proprietary,131k,39.0,71%,51%,4%,27%,28%,xAI,78%,13%,,$0.00,$0.00,$0.00,,,,,,,,,,,,,,ModelProviders,Grok 2,True
Gemini 1.5 Flash (Sep),,Proprietary,1m,39.0,68%,46%,4%,27%,27%,Google DeepMind,83%,18%,1271.0,$0.13,$0.07,$0.30,183.7,171.6,180.1,190.3,201.4,0.2,0.2,0.17,0.19,0.22,0.59,2.92,0.0,ModelProviders,Gemini 1.5 Flash (Sep),False
GPT-4 Turbo,,Proprietary,128k,39.0,69%,,3%,29%,32%,Unknown,74%,15%,1256.0,$15.00,$10.00,$30.00,46.1,17.0,35.4,54.4,57.9,0.98,0.98,0.6,0.68,1.49,1.64,11.82,0.0,ModelProviders,GPT-4 Turbo,False
Mistral Large 2 (Nov '24),,Open,128k,38.0,70%,49%,4%,29%,29%,Unknown,74%,11%,,$3.00,$2.00,$6.00,61.6,33.8,48.5,83.0,96.8,0.44,0.44,0.38,0.4,0.61,1.75,8.57,0.0,ModelProviders,Mistral Large 2 (Nov '24),False
Qwen3 1.7B (Reasoning),,Open,32k,38.0,57%,36%,5%,31%,4%,Alibaba,89%,51%,,$0.40,$0.11,$1.26,137.9,134.1,137.1,139.2,140.0,0.95,15.45,0.88,0.9,1.09,1.33,19.07,14.5,ModelProviders,Qwen3 1.7B (Reasoning),False
Gemma 3 27B,,Open,128k,38.0,67%,43%,5%,14%,21%,Unknown,88%,25%,,$0.00,$0.00,$0.00,43.6,37.5,40.0,45.6,47.3,0.61,0.61,0.58,0.61,0.64,0.72,12.09,0.0,ModelProviders,Gemma 3 27B,False
Grok Beta,,Proprietary,128k,38.0,70%,47%,5%,24%,30%,xAI,74%,10%,1289.0,$7.50,$5.00,$15.00,67.8,63.4,67.3,68.8,69.6,0.34,0.34,0.25,0.29,0.4,0.42,7.72,0.0,ModelProviders,Grok Beta,True
Pixtral Large,,Open,128k,37.0,70%,51%,4%,26%,29%,Unknown,71%,7%,,$3.00,$2.00,$6.00,87.7,55.4,68.5,96.0,101.9,0.4,0.4,0.36,0.38,0.59,1.32,6.11,0.0,ModelProviders,Pixtral Large,False
Qwen2.5 Instruct 32B,,Open,128k,37.0,70%,47%,4%,25%,23%,Alibaba,81%,11%,,$0.15,$0.10,$0.30,,,,,,,,,,,,,,ModelProviders,Qwen2.5 Instruct 32B,False
Llama 3.1 Nemotron 70B,,Open,128k,37.0,69%,47%,5%,17%,23%,Meta/NVIDIA,73%,25%,1269.0,$0.17,$0.12,$0.30,43.2,26.8,36.2,49.5,50.9,0.31,0.31,0.22,0.26,0.54,0.66,11.87,0.0,ModelProviders,Llama 3.1 Nemotron 70B,False
Nova Pro,,Proprietary,300k,37.0,69%,50%,3%,23%,21%,Unknown,79%,11%,,$1.40,$0.80,$3.20,,,,,,,,,,,,,,ModelProviders,Nova Pro,False
Qwen3 8B,,Open,128k,37.0,64%,45%,3%,20%,17%,Alibaba,83%,24%,,$0.31,$0.18,$0.70,100.4,99.1,100.0,100.8,101.4,0.99,0.99,0.92,0.94,1.16,1.44,5.97,0.0,ModelProviders,Qwen3 8B,False
Mistral Large 2 (Jul '24),,Open,128k,37.0,68%,47%,3%,27%,27%,Unknown,71%,9%,1251.0,$3.00,$2.00,$6.00,98.2,76.8,89.9,105.9,112.0,0.4,0.4,0.31,0.38,0.48,1.82,5.49,0.0,ModelProviders,Mistral Large 2 (Jul '24),False
Qwen2.5 Coder 32B,,Open,131k,36.0,64%,42%,4%,30%,27%,Alibaba,77%,12%,1220.0,$0.15,$0.14,$0.18,51.8,42.3,43.9,60.1,87.8,0.31,0.31,0.19,0.22,0.84,1.22,9.97,0.0,ModelProviders,Qwen2.5 Coder 32B,False
GPT-4,,Proprietary,8k,36.0,,,,,,Unknown,,,1186.0,$37.50,$30.00,$60.00,23.6,18.5,21.9,26.7,29.0,0.77,0.77,0.59,0.7,0.87,1.19,21.92,0.0,ModelProviders,GPT-4,False
GPT-4o mini,,Proprietary,128k,36.0,65%,43%,4%,23%,23%,Unknown,79%,12%,1273.0,$0.26,$0.15,$0.60,64.9,51.5,59.8,76.6,88.7,0.45,0.45,0.31,0.38,0.53,0.82,8.16,0.0,ModelProviders,GPT-4o mini,False
Llama 3.1 70B,,Open,128k,35.0,68%,41%,5%,23%,27%,Meta/NVIDIA,65%,17%,1249.0,$0.76,$0.76,$0.76,63.2,25.7,35.5,129.0,166.0,0.42,0.42,0.23,0.3,0.65,1.91,8.33,0.0,ModelProviders,Llama 3.1 70B,False
Mistral Small 3.1,,Open,128k,35.0,66%,45%,5%,21%,27%,Unknown,71%,9%,,$0.15,$0.10,$0.30,166.8,58.2,115.4,185.0,196.7,0.27,0.27,0.25,0.26,0.3,0.62,3.26,0.0,ModelProviders,Mistral Small 3.1,False
Mistral Small 3,,Open,32k,35.0,65%,46%,4%,25%,24%,Unknown,72%,8%,,$0.15,$0.10,$0.30,135.8,59.0,103.9,180.0,200.0,0.29,0.29,0.27,0.28,0.3,2.37,3.97,0.0,ModelProviders,Mistral Small 3,False
DeepSeek-V2.5 (Dec '24),,Open,128k,35.0,,,,,,DeepSeek,76%,,,$0.17,$0.14,$0.28,,,,,,,,,,,,,,ModelProviders,DeepSeek-V2.5 (Dec '24),True
Qwen3 4B,,Open,32k,35.0,59%,40%,4%,23%,17%,Alibaba,84%,21%,,$0.19,$0.11,$0.42,106.5,105.7,106.2,107.0,107.6,1.0,1.0,0.91,0.95,1.14,1.28,5.7,0.0,ModelProviders,Qwen3 4B,False
Claude 3 Opus,,Proprietary,200k,35.0,70%,49%,3%,28%,23%,Anthropic,64%,3%,1248.0,$30.00,$15.00,$75.00,26.4,22.8,25.6,29.5,31.9,1.25,1.25,1.09,1.13,1.6,2.71,20.19,0.0,ModelProviders,Claude 3 Opus,True
Claude 3.5 Haiku,,Proprietary,200k,35.0,63%,41%,4%,31%,27%,Anthropic,72%,3%,,$1.60,$0.80,$4.00,64.3,56.5,59.5,67.2,69.1,1.01,1.01,0.65,0.78,1.46,2.08,8.79,0.0,ModelProviders,Claude 3.5 Haiku,True
Gemini 2.0 Flash Thinking exp. (Dec '24),,Proprietary,2m,35.0,,,,,,Google DeepMind,48%,,,$0.00,$0.00,$0.00,,,,,,,,,,,,,,ModelProviders,Gemini 2.0 Flash Thinking exp. (Dec '24),False
DeepSeek-V2.5,,Open,128k,35.0,,,,,,DeepSeek,,,1258.0,$0.17,$0.14,$0.28,,,,,,,,,,,,,,ModelProviders,DeepSeek-V2.5,True
Devstral,,Open,256k,34.0,63%,43%,4%,26%,25%,Unknown,68%,7%,,$0.15,$0.10,$0.30,140.2,43.6,112.9,151.1,174.2,0.31,0.31,0.28,0.3,0.39,5.61,3.87,0.0,ModelProviders,Devstral,False
Mistral Saba,,Proprietary,32k,34.0,61%,42%,4%,,24%,Unknown,68%,13%,,$0.30,$0.20,$0.60,91.1,82.7,85.9,98.2,101.4,0.3,0.3,0.28,0.29,0.32,0.54,5.79,0.0,ModelProviders,Mistral Saba,False
DeepSeek R1 Distill Llama 8B,,Open,128k,34.0,54%,30%,4%,23%,12%,DeepSeek,85%,33%,,$0.04,$0.04,$0.04,56.4,55.4,56.0,56.6,56.6,0.77,36.24,0.69,0.74,0.81,0.83,45.11,35.47,ModelProviders,DeepSeek R1 Distill Llama 8B,True
Reka Core,,Proprietary,128k,34.0,,,,,,Unknown,56%,,1199.0,$2.00,$2.00,$2.00,27.6,26.5,26.7,27.9,28.0,1.16,1.16,0.89,1.11,1.23,1.34,19.31,0.0,ModelProviders,Reka Core,False
Gemma 3 12B,,Open,128k,34.0,60%,35%,5%,14%,17%,Unknown,85%,22%,,$0.06,$0.05,$0.10,,,,,,,,,,,,,,ModelProviders,Gemma 3 12B,False
Gemini 1.5 Pro (May),,Proprietary,2m,34.0,66%,37%,4%,24%,27%,Google DeepMind,67%,8%,1260.0,$2.19,$1.25,$5.00,,,,,,,,,,,,,,ModelProviders,Gemini 1.5 Pro (May),False
R1 1776,,Open,128k,34.0,,,,,,Unknown,95%,,,$3.50,$2.00,$8.00,,,,,,,,,,,,,,ModelProviders,R1 1776,False
Qwen2.5 Turbo,,Proprietary,1m,34.0,63%,41%,4%,16%,15%,Alibaba,81%,12%,,$0.09,$0.05,$0.20,106.1,101.4,102.4,109.4,111.4,1.11,1.11,0.95,1.0,1.26,1.4,5.82,0.0,ModelProviders,Qwen2.5 Turbo,False
Reka Flash,,Proprietary,128k,34.0,,,,,,Unknown,53%,,,$0.35,$0.20,$0.80,45.5,43.1,45.1,46.0,46.3,1.19,1.19,0.9,1.13,1.29,1.47,12.18,0.0,ModelProviders,Reka Flash,False
Gemma 3 1B,,Open,32k,33.0,14%,24%,5%,1%,,Unknown,48%,0%,,$0.00,$0.00,$0.00,,,,,,,,,,,,,,ModelProviders,Gemma 3 1B,False
Llama 3.2 90B (Vision),,Open,128k,33.0,67%,43%,5%,21%,24%,Meta/NVIDIA,63%,5%,,$0.72,$0.72,$0.72,33.5,9.1,29.6,59.7,61.0,0.35,0.35,0.17,0.21,0.5,1.52,15.27,0.0,ModelProviders,Llama 3.2 90B (Vision),False
Solar Mini,,Open,4k,33.0,,,,,,Unknown,33%,,1062.0,$0.15,$0.15,$0.15,93.4,46.7,75.1,96.9,100.9,1.05,1.05,1.0,1.03,1.09,1.24,6.4,0.0,ModelProviders,Solar Mini,False
Reka Flash (Feb '24),,Proprietary,128k,33.0,,,,,,Unknown,33%,,1165.0,$0.35,$0.20,$0.80,45.7,44.6,44.9,46.0,46.3,1.12,1.12,0.84,1.09,1.19,1.29,12.07,0.0,ModelProviders,Reka Flash (Feb '24),False
Reka Edge,,Proprietary,128k,33.0,,,,,,Unknown,22%,,,$0.10,$0.10,$0.10,82.8,81.4,81.9,86.2,87.8,1.09,1.09,0.79,1.01,1.17,1.23,7.13,0.0,ModelProviders,Reka Edge,False
Qwen2 72B,,Open,131k,33.0,62%,37%,4%,16%,23%,Alibaba,70%,15%,1187.0,$0.00,$0.00,$0.00,31.0,30.2,30.7,31.1,31.3,1.38,1.38,1.23,1.26,1.49,1.77,17.53,0.0,ModelProviders,Qwen2 72B,False
Nova Lite,,Proprietary,300k,33.0,59%,43%,5%,17%,14%,Unknown,77%,11%,,$0.10,$0.06,$0.24,260.7,244.3,251.5,275.4,297.8,0.34,0.34,0.31,0.32,0.37,0.42,2.26,0.0,ModelProviders,Nova Lite,False
Gemini 1.5 Flash-8B,,Proprietary,1m,31.0,57%,36%,5%,22%,23%,Google DeepMind,69%,3%,1211.0,$0.07,$0.04,$0.15,250.9,234.3,240.7,267.3,287.5,0.2,0.2,0.17,0.18,0.24,0.27,2.2,0.0,ModelProviders,Gemini 1.5 Flash-8B,False
DeepHermes 3 - Mistral 24B,,Open,32k,30.0,58%,38%,4%,20%,23%,Unknown,60%,5%,,$0.00,$0.00,$0.00,,,,,,,,,,,,,,ModelProviders,DeepHermes 3 - Mistral 24B,False
Jamba 1.5 Large,,Open,256k,29.0,57%,43%,4%,14%,16%,Unknown,61%,5%,1221.0,$3.50,$2.00,$8.00,,,,,,,,,,,,,,ModelProviders,Jamba 1.5 Large,False
Hermes 3 - Llama-3.1 70B,,Open,128k,29.0,57%,40%,4%,19%,23%,Meta/NVIDIA,54%,2%,,$0.00,$0.00,$0.00,,,,,,,,,,,,,,ModelProviders,Hermes 3 - Llama-3.1 70B,False
DeepSeek-Coder-V2,,Open,128k,29.0,,,,,,DeepSeek,74%,,1178.0,$0.17,$0.14,$0.28,,,,,,,,,,,,,,ModelProviders,DeepSeek-Coder-V2,True
Jamba 1.6 Large,,Open,256k,29.0,56%,39%,4%,17%,18%,Unknown,58%,5%,,$3.50,$2.00,$8.00,54.2,43.3,50.1,61.0,70.5,0.78,0.78,0.63,0.73,1.07,1.46,10.0,0.0,ModelProviders,Jamba 1.6 Large,False
Gemini 1.5 Flash (May),,Proprietary,1m,28.0,57%,32%,4%,20%,18%,Google DeepMind,55%,9%,1227.0,$0.13,$0.07,$0.30,,,,,,,,,,,,,,ModelProviders,Gemini 1.5 Flash (May),False
Nova Micro,,Proprietary,130k,28.0,53%,36%,5%,14%,9%,Unknown,70%,8%,,$0.06,$0.04,$0.14,354.2,323.0,344.0,362.5,391.9,0.33,0.33,0.29,0.31,0.34,0.44,1.74,0.0,ModelProviders,Nova Micro,False
Yi-Large,,Proprietary,32k,28.0,59%,36%,3%,11%,19%,Unknown,56%,7%,1213.0,$3.00,$3.00,$3.00,67.1,62.7,65.6,71.0,80.9,0.37,0.37,0.31,0.35,0.4,0.43,7.82,0.0,ModelProviders,Yi-Large,False
Claude 3 Sonnet,,Proprietary,200k,28.0,58%,40%,4%,18%,23%,Anthropic,41%,5%,1201.0,$6.00,$3.00,$15.00,60.8,51.8,57.6,62.7,64.1,0.84,0.84,0.6,0.64,1.3,1.92,9.06,0.0,ModelProviders,Claude 3 Sonnet,True
Codestral (Jan '25),,Proprietary,256k,28.0,45%,31%,5%,24%,25%,Unknown,61%,4%,,$0.45,$0.30,$0.90,183.3,140.0,159.9,196.0,209.1,0.28,0.28,0.26,0.28,0.3,0.32,3.01,0.0,ModelProviders,Codestral (Jan '25),False
Llama 3 70B,,Open,8k,27.0,57%,38%,4%,20%,19%,Meta/NVIDIA,48%,0%,1206.0,$0.84,$0.73,$0.84,44.9,17.0,19.1,85.7,439.7,0.42,0.42,0.2,0.34,0.8,1.72,11.56,0.0,ModelProviders,Llama 3 70B,False
Mistral Small (Sep '24),,Open,33k,27.0,53%,38%,4%,14%,16%,Unknown,56%,6%,,$0.30,$0.20,$0.60,115.2,83.3,102.7,118.2,127.0,0.32,0.32,0.27,0.29,0.41,0.54,4.66,0.0,ModelProviders,Mistral Small (Sep '24),False
Gemini 1.0 Ultra,,Proprietary,33k,27.0,,,,,,Google DeepMind,,,,$0.00,$0.00,$0.00,,,,,,,,,,,,,,ModelProviders,Gemini 1.0 Ultra,False
Phi-4 Multimodal,,Open,128k,27.0,49%,32%,4%,13%,11%,Unknown,69%,9%,,$0.00,$0.00,$0.00,21.6,15.6,20.1,22.1,22.7,0.35,0.35,0.31,0.34,0.39,0.42,23.49,0.0,ModelProviders,Phi-4 Multimodal,False
Qwen2.5 Coder 7B,,Open,131k,27.0,47%,34%,5%,13%,15%,Alibaba,66%,5%,,$0.00,$0.00,$0.00,,,,,,,,,,,,,,ModelProviders,Qwen2.5 Coder 7B,False
Mistral Large (Feb '24),,Proprietary,33k,26.0,52%,35%,3%,18%,21%,Unknown,53%,0%,1157.0,$6.00,$4.00,$12.00,98.9,92.6,95.2,105.9,108.8,0.41,0.41,0.37,0.38,0.44,0.62,5.46,0.0,ModelProviders,Mistral Large (Feb '24),False
Jamba Instruct,,Proprietary,256k,26.0,34%,27%,5%,5%,8%,Unknown,24%,,,$0.00,$0.00,$0.00,,,,,,,,,,,,,,ModelProviders,Jamba Instruct,False
Mixtral 8x22B,,Open,65k,26.0,54%,33%,4%,15%,19%,Unknown,55%,0%,1148.0,$3.00,$2.00,$6.00,53.7,34.1,45.5,57.6,68.6,0.36,0.36,0.32,0.34,0.37,0.4,9.67,0.0,ModelProviders,Mixtral 8x22B,False
Phi-4 Mini,,Open,128k,26.0,47%,33%,4%,13%,11%,Unknown,70%,3%,,$0.00,$0.00,$0.00,32.1,22.1,28.1,55.5,58.5,0.35,0.35,0.3,0.32,0.39,0.44,15.92,0.0,ModelProviders,Phi-4 Mini,False
Gemma 2 27B,,Open,8k,26.0,57%,36%,4%,,13%,Unknown,54%,9%,1219.0,$0.80,$0.80,$0.80,,,,,,,,,,,,,,ModelProviders,Gemma 2 27B,False
Llama 3.2 11B (Vision),,Open,128k,25.0,46%,22%,5%,11%,,Meta/NVIDIA,52%,9%,,$0.16,$0.16,$0.16,111.7,40.4,54.6,171.4,189.4,0.3,0.3,0.13,0.21,0.47,0.57,4.78,0.0,ModelProviders,Llama 3.2 11B (Vision),False
Qwen3 1.7B,,Open,32k,25.0,41%,28%,5%,13%,7%,Alibaba,72%,10%,,$0.19,$0.11,$0.42,140.9,136.9,140.3,141.3,142.5,1.01,1.01,0.87,0.9,1.17,1.29,4.56,0.0,ModelProviders,Qwen3 1.7B,False
Qwen1.5 Chat 110B,,Open,32k,25.0,,29%,,,,Alibaba,,,,$0.00,$0.00,$0.00,23.8,23.6,23.7,23.8,23.9,1.52,1.52,1.47,1.49,1.63,1.89,22.57,0.0,ModelProviders,Qwen1.5 Chat 110B,False
Phi-3 Medium 14B,,Open,128k,25.0,54%,33%,5%,15%,12%,Unknown,46%,1%,1123.0,$0.30,$0.17,$0.68,52.2,36.1,51.0,53.4,54.0,0.43,0.43,0.4,0.42,0.45,0.46,10.01,0.0,ModelProviders,Phi-3 Medium 14B,False
Gemma 3 4B,,Open,128k,24.0,42%,29%,5%,7%,6%,Unknown,77%,5%,,$0.03,$0.02,$0.04,,,,,,,,,,,,,,ModelProviders,Gemma 3 4B,False
Claude 2.1,,Proprietary,200k,24.0,50%,32%,4%,20%,18%,Anthropic,37%,3%,1118.0,$12.00,$8.00,$24.00,14.0,13.4,13.7,14.2,14.3,1.22,1.22,0.92,1.05,1.63,2.93,36.81,0.0,ModelProviders,Claude 2.1,True
Claude 3 Haiku,,Proprietary,200k,24.0,,,,15%,19%,Anthropic,39%,1%,1179.0,$0.50,$0.25,$1.25,133.9,120.4,125.6,138.3,153.1,0.67,0.67,0.41,0.49,1.08,2.47,4.41,0.0,ModelProviders,Claude 3 Haiku,True
Llama 3.1 8B,,Open,128k,24.0,48%,26%,5%,12%,13%,Meta/NVIDIA,52%,8%,1172.0,$0.10,$0.10,$0.10,225.6,52.8,119.6,567.1,"2,241.5",0.28,0.28,0.14,0.22,0.48,0.9,2.5,0.0,ModelProviders,Llama 3.1 8B,False
Pixtral 12B,,Open,128k,23.0,47%,34%,5%,12%,14%,Unknown,46%,0%,,$0.15,$0.15,$0.15,54.9,41.1,47.0,68.4,104.3,0.36,0.36,0.3,0.33,0.41,0.77,9.46,0.0,ModelProviders,Pixtral 12B,False
Qwen3 0.6B (Reasoning),,Open,32k,23.0,35%,24%,6%,12%,3%,Alibaba,75%,10%,,$0.40,$0.11,$1.26,228.2,223.9,226.1,229.8,230.1,0.99,9.75,0.87,0.9,1.13,1.37,11.94,8.76,ModelProviders,Qwen3 0.6B (Reasoning),False
Claude 2.0,,Proprietary,100k,23.0,49%,34%,,17%,19%,Anthropic,,0%,1132.0,$12.00,$8.00,$24.00,31.0,29.4,30.3,31.8,33.5,1.05,1.05,0.9,0.94,1.28,1.82,17.2,0.0,ModelProviders,Claude 2.0,True
DeepSeek-V2,,Open,128k,23.0,,,,,,DeepSeek,,,1220.0,$0.17,$0.14,$0.28,,,,,,,,,,,,,,ModelProviders,DeepSeek-V2,True
Mistral Small (Feb '24),,Proprietary,33k,23.0,42%,30%,4%,11%,13%,Unknown,56%,1%,,$1.50,$1.00,$3.00,158.5,84.6,144.4,191.8,199.1,0.26,0.26,0.25,0.25,0.28,1.08,3.41,0.0,ModelProviders,Mistral Small (Feb '24),False
Mistral Medium,,Proprietary,33k,23.0,49%,35%,3%,10%,12%,Unknown,41%,4%,1148.0,$4.09,$2.75,$8.10,75.0,54.4,64.5,86.2,93.6,0.4,0.4,0.34,0.38,0.57,1.06,7.07,0.0,ModelProviders,Mistral Medium,False
GPT-3.5 Turbo,,Proprietary,4k,23.0,46%,30%,,,,Unknown,44%,,1107.0,$0.75,$0.50,$1.50,115.2,64.6,84.2,134.7,159.5,0.36,0.36,0.3,0.33,0.44,0.63,4.7,0.0,ModelProviders,GPT-3.5 Turbo,False
Ministral 8B,,Open,128k,22.0,39%,28%,5%,11%,12%,Unknown,57%,4%,1183.0,$0.10,$0.10,$0.10,210.1,146.7,190.8,225.5,231.6,0.29,0.29,0.26,0.27,0.3,0.44,2.67,0.0,ModelProviders,Ministral 8B,False
Gemma 2 9B,,Open,8k,22.0,50%,31%,4%,13%,1%,Unknown,52%,0%,1190.0,$0.12,$0.12,$0.15,,,,,,,,,,,,,,ModelProviders,Gemma 2 9B,False
Phi-3 Mini,,Open,4k,22.0,44%,32%,4%,12%,9%,Unknown,46%,4%,1037.0,$0.00,$0.00,$0.00,,,,,,,,,,,,,,ModelProviders,Phi-3 Mini,False
Arctic,,Open,4k,22.0,,,,,,Unknown,,,1090.0,$0.00,$0.00,$0.00,,,,,,,,,,,,,,ModelProviders,Arctic,False
Qwen Chat 72B,,Open,34k,22.0,,,,,,Alibaba,,,,$1.00,$1.00,$1.00,,,,,,,,,,,,,,ModelProviders,Qwen Chat 72B,False
LFM 40B,,Proprietary,32k,22.0,43%,33%,5%,10%,7%,Unknown,48%,2%,,$0.15,$0.15,$0.15,160.3,145.4,149.1,164.7,167.9,0.17,0.17,0.14,0.16,0.2,0.39,3.29,0.0,ModelProviders,LFM 40B,False
Command-R+,,Open,128k,21.0,43%,34%,5%,11%,12%,Cohere,40%,0%,1215.0,$4.38,$2.50,$10.00,51.3,46.7,49.1,52.4,53.8,1.74,1.74,0.26,1.72,1.78,2.09,11.49,0.0,ModelProviders,Command-R+,True
Llama 3 8B,,Open,8k,21.0,41%,30%,5%,10%,12%,Meta/NVIDIA,50%,0%,1152.0,$0.09,$0.06,$0.14,103.0,68.7,73.7,177.2,888.2,0.35,0.35,0.15,0.25,0.42,0.98,5.2,0.0,ModelProviders,Llama 3 8B,False
PALM-2,,Proprietary,8k,21.0,,,,,,Unknown,,,,$0.00,$0.00,$0.00,,,,,,,,,,,,,,ModelProviders,PALM-2,False
Gemini 1.0 Pro,,Proprietary,33k,21.0,43%,28%,5%,12%,12%,Google DeepMind,40%,1%,1111.0,$0.75,$0.50,$1.50,,,,,,,,,,,,,,ModelProviders,Gemini 1.0 Pro,False
DeepSeek Coder V2 Lite,,Open,128k,20.0,43%,32%,5%,16%,14%,DeepSeek,,,,$0.00,$0.00,$0.00,,,,,,,,,,,,,,ModelProviders,DeepSeek Coder V2 Lite,True
Codestral (May '24),,Open,33k,20.0,33%,26%,5%,21%,22%,Unknown,35%,0%,,$0.30,$0.20,$0.60,178.3,153.0,171.5,197.6,214.0,0.28,0.28,0.26,0.27,0.31,0.37,3.09,0.0,ModelProviders,Codestral (May '24),False
Aya Expanse 32B,,Open,128k,20.0,38%,23%,5%,14%,15%,Unknown,45%,0%,1207.0,$0.75,$0.50,$1.50,125.1,118.3,122.2,129.5,134.2,0.77,0.77,0.17,0.75,0.82,0.9,4.76,0.0,ModelProviders,Aya Expanse 32B,False
Llama 2 Chat 70B,,Open,4k,20.0,41%,33%,5%,10%,,Meta/NVIDIA,32%,,1093.0,$0.00,$0.00,$0.00,,,,,,,,,,,,,,ModelProviders,Llama 2 Chat 70B,False
DeepSeek LLM 67B (V1),,Open,4k,20.0,,,,,,DeepSeek,,,,$0.00,$0.00,$0.00,,,,,,,,,,,,,,ModelProviders,DeepSeek LLM 67B (V1),True
Llama 2 Chat 13B,,Open,4k,20.0,41%,32%,5%,10%,12%,Meta/NVIDIA,33%,2%,1063.0,$0.00,$0.00,$0.00,,,,,,,,,,,,,,ModelProviders,Llama 2 Chat 13B,False
Command-R+ (Apr '24),,Open,128k,20.0,43%,32%,5%,12%,12%,Cohere,28%,1%,1190.0,$6.00,$3.00,$15.00,59.3,30.7,48.9,65.3,73.4,1.43,1.43,0.33,1.28,1.97,2.17,9.85,0.0,ModelProviders,Command-R+ (Apr '24),True
OpenChat 3.5,,Open,8k,20.0,31%,23%,5%,12%,,Unknown,31%,0%,1076.0,$0.05,$0.05,$0.05,49.7,33.5,43.0,54.7,58.0,0.29,0.29,0.18,0.21,0.5,0.76,10.35,0.0,ModelProviders,OpenChat 3.5,False
DBRX,,Open,33k,20.0,40%,33%,7%,9%,12%,Unknown,28%,3%,1103.0,$0.00,$0.00,$0.00,,,,,,,,,,,,,,ModelProviders,DBRX,False
Ministral 3B,,Proprietary,128k,20.0,34%,26%,6%,7%,9%,Unknown,54%,0%,,$0.04,$0.04,$0.04,284.8,208.4,246.9,316.1,414.7,0.27,0.27,0.26,0.26,0.29,0.72,2.03,0.0,ModelProviders,Ministral 3B,False
Mistral NeMo,,Open,128k,20.0,40%,31%,4%,6%,10%,Unknown,40%,0%,,$0.15,$0.15,$0.15,157.5,82.8,135.1,172.3,186.1,0.28,0.28,0.26,0.27,0.3,0.63,3.45,0.0,ModelProviders,Mistral NeMo,False
Llama 3.2 3B,,Open,128k,20.0,35%,26%,5%,8%,5%,Meta/NVIDIA,49%,7%,1103.0,$0.05,$0.04,$0.06,115.2,47.8,71.8,213.2,"1,602.1",0.44,0.44,0.18,0.21,0.77,1.45,4.78,0.0,ModelProviders,Llama 3.2 3B,False
DeepSeek R1 Distill Qwen 1.5B,,Open,128k,19.0,27%,10%,3%,7%,7%,DeepSeek,69%,18%,,$0.18,$0.18,$0.18,385.4,376.5,383.3,388.7,391.0,0.24,5.43,0.15,0.19,0.26,0.29,6.73,5.19,ModelProviders,DeepSeek R1 Distill Qwen 1.5B,True
Jamba 1.5 Mini,,Open,256k,18.0,37%,30%,5%,6%,8%,Unknown,36%,1%,1176.0,$0.25,$0.20,$0.40,,,,,,,,,,,,,,ModelProviders,Jamba 1.5 Mini,False
Jamba 1.6 Mini,,Open,256k,18.0,37%,30%,5%,7%,10%,Unknown,26%,3%,,$0.25,$0.20,$0.40,202.2,185.4,195.5,209.2,211.0,0.57,0.57,0.46,0.51,0.66,0.83,3.04,0.0,ModelProviders,Jamba 1.6 Mini,False
Mixtral 8x7B,,Open,33k,17.0,39%,29%,5%,7%,3%,Unknown,30%,0%,1114.0,$0.70,$0.70,$0.70,84.5,34.1,68.7,96.3,109.4,0.34,0.34,0.32,0.33,0.36,0.47,6.26,0.0,ModelProviders,Mixtral 8x7B,False
Qwen3 0.6B,,Open,32k,17.0,23%,23%,5%,7%,4%,Alibaba,52%,2%,,$0.19,$0.11,$0.42,232.4,227.7,231.1,234.6,236.3,0.98,0.98,0.86,0.89,1.1,1.25,3.13,0.0,ModelProviders,Qwen3 0.6B,False
DeepHermes 3 - Llama-3.1 8B,,Open,128k,16.0,37%,27%,4%,9%,9%,Meta/NVIDIA,22%,0%,,$0.00,$0.00,$0.00,,,,,,,,,,,,,,ModelProviders,DeepHermes 3 - Llama-3.1 8B,False
Aya Expanse 8B,,Open,8k,16.0,31%,25%,5%,7%,8%,Unknown,32%,0%,,$0.75,$0.50,$1.50,178.6,167.2,173.5,181.8,186.3,0.58,0.58,0.14,0.57,0.59,0.7,3.38,0.0,ModelProviders,Aya Expanse 8B,False
Command-R,,Open,128k,15.0,34%,29%,5%,4%,9%,Cohere,15%,0%,1179.0,$0.26,$0.15,$0.60,75.5,69.5,72.8,79.2,80.5,1.18,1.18,0.19,1.14,1.24,1.29,7.8,0.0,ModelProviders,Command-R,True
Command-R (Mar '24),,Open,128k,15.0,34%,28%,5%,5%,6%,Cohere,16%,1%,1149.0,$0.75,$0.50,$1.50,169.9,147.9,156.5,174.7,181.7,0.6,0.6,0.17,0.58,0.61,0.63,3.54,0.0,ModelProviders,Command-R (Mar '24),True
Qwen Chat 14B,,Open,8k,14.0,,,,,,Alibaba,,,,$0.00,$0.00,$0.00,,,,,,,,,,,,,,ModelProviders,Qwen Chat 14B,False
Claude Instant,,Proprietary,100k,14.0,43%,33%,4%,11%,,Anthropic,26%,0%,1111.0,$1.20,$0.80,$2.40,62.4,43.2,53.2,66.1,70.2,0.57,0.57,0.51,0.54,0.61,0.89,8.58,0.0,ModelProviders,Claude Instant,True
Codestral-Mamba,,Open,256k,14.0,21%,21%,5%,13%,11%,Unknown,24%,0%,,$0.25,$0.25,$0.25,,,,,,,,,,,,,,ModelProviders,Codestral-Mamba,False
Llama 65B,,Open,2k,11.0,,,,,,Meta/NVIDIA,,,,$0.00,$0.00,$0.00,,,,,,,,,,,,,,ModelProviders,Llama 65B,False
Mistral 7B,,Open,8k,10.0,25%,18%,4%,5%,2%,Unknown,12%,0%,1008.0,$0.25,$0.25,$0.25,124.8,97.8,120.6,126.9,130.4,0.29,0.29,0.27,0.28,0.32,0.35,4.3,0.0,ModelProviders,Mistral 7B,False
Llama 3.2 1B,,Open,128k,10.0,20%,20%,5%,2%,2%,Meta/NVIDIA,14%,0%,1054.0,$0.05,$0.04,$0.08,178.3,117.6,128.7,"2,626.1","2,694.5",0.28,0.28,0.17,0.2,0.45,0.63,3.09,0.0,ModelProviders,Llama 3.2 1B,False
Llama 2 Chat 7B,,Open,4k,8.0,16%,23%,6%,0%,0%,Meta/NVIDIA,6%,0%,1037.0,$0.10,$0.05,$0.25,133.9,133.9,133.9,133.9,133.9,0.44,0.44,0.44,0.44,0.44,0.44,4.17,0.0,ModelProviders,Llama 2 Chat 7B,False
GPT-4o Realtime (Dec '24),,Proprietary,128k,,,,,,,Unknown,,,,$0.00,$0.00,$0.00,,,,,,,,,,,,,,ModelProviders,GPT-4o Realtime (Dec '24),False
GPT-4o mini Realtime (Dec '24),,Proprietary,128k,,,,,,,Unknown,,,,$0.00,$0.00,$0.00,,,,,,,,,,,,,,ModelProviders,GPT-4o mini Realtime (Dec '24),False
Sonar Reasoning Pro,,Proprietary,127k,,,,,,,Unknown,96%,79%,,$0.00,$0.00,$0.00,,,,,,,,,,,,,,ModelProviders,Sonar Reasoning Pro,False
Grok 3 mini Reasoning (low),,Proprietary,1m,,,,,,,xAI,,,,$0.35,$0.30,$0.50,194.7,173.1,187.2,204.3,215.3,0.32,10.59,0.25,0.28,0.38,1.38,13.15,10.27,ModelProviders,Grok 3 mini Reasoning (low),True
GPT-3.5 Turbo (0613),,Proprietary,4k,,,,,,,Unknown,,,,$0.00,$0.00,$0.00,,,,,,,,,,,,,,ModelProviders,GPT-3.5 Turbo (0613),False
